,station_id,lat,lng
0,  24321,41.93783,-87.80788
1,021320,41.8897772,-87.680351
2,1011,41.923739,-87.785835
3,1012,41.805218,-87.609076
4,1013,41.885577,-87.72606
5,1014,41.988931,-87.702785
6,1015,41.990119,-87.717337
7,1016,41.99025493,-87.71562678199999
8,1017,41.975563,-87.717352
9,1018,41.92786,-87.735756
10,1019,41.931803,-87.737285
11,1020,41.880833,-87.720797
12,1021,41.8724252,-87.7253448
13,1023,41.726942,-87.654896
14,1024,41.73556,-87.651701
15,1025,41.7359271965,-87.6468546965
16,1027,41.77926,-87.692703
17,1028,41.77888,-87.699811
18,1029,41.779343,-87.686763
19,1030,41.777732,-87.713878
20,1031,41.77882,-87.723599
21,1032,41.778761,-87.726892
22,1033,41.773551,-87.722805
23,1034,41.778411,-87.733387
24,1035,41.780964,-87.683757
25,1036,41.785235,-87.703131
26,1037,41.779668,-87.707834
27,1038,41.780148,-87.703338
28,1039,41.78201,-87.7034
29,1040,41.822592,-87.690725
30,1041,41.806999,-87.657942
31,1042,41.801354,-87.662076
32,1043,41.808746,-87.66026
33,1044,41.798974,-87.681909
34,1045,41.801001,-87.676773
35,1046,41.80193,-87.680903
36,1047,41.808413,-87.688535
37,1048,41.808038,-87.684709
38,1050,41.794639,-87.703767
39,1052,41.90282,-87.692397
40,1053,41.9035,-87.7204
41,1054,41.90254,-87.71085
42,1055,41.89556,-87.70641
43,1056,41.8954597,-87.7080933
44,1057,41.90995395,-87.73271446
45,1058,41.909866,-87.73399
46,1059,41.88658,-87.716646
47,1060,41.88474,-87.711357
48,1061,41.8861512,-87.7155114
49,1062,41.885891,-87.706425
50,1063,41.86626881666667,-87.71836136666667
51,1064,41.866225,-87.717918
52,1065,41.86649,-87.710786
53,1066,41.8727811,-87.7131562
54,1067,41.8670279,-87.7254644
55,1068,41.844265,-87.728103
56,1069,41.844168,-87.726317
57,1070,41.849956,-87.716712
58,1071,41.75971575,-87.66378033333334
59,1072,41.8021917,-87.6151444
60,1074.0,41.7413923,-87.7218231
61,1075.0,41.741382,-87.702345
62,1078.0,41.737389,-87.721334
63,1081.0,41.764753,-87.688641
64,1084.0,41.775524,-87.757972
65,1085.0,41.7765858,-87.7820753
66,1086.0,41.7776014,-87.7822158
67,1087.0,41.7846778,-87.7958126
68,1088.0,41.780936,-87.787643
69,1089.0,41.7923026,-87.7887886
70,1090.0,41.785327118,-87.7626015
71,1091.0,41.7904595735,-87.780044
72,1092.0,41.7905068,-87.7799326
73,1093.0,41.780658,-87.776651
74,1094.0,41.794199,-87.771388
75,1095.0,41.7929013,-87.7802444
76,1096.0,41.794209,-87.7716154
77,1097.0,41.79405,-87.774078
78,1098.0,41.7985042,-87.7985042
79,1099.0,41.9658376,-87.7822336
80,1100.0,41.9588498,-87.7819167
81,1101.0,41.965360058499996,-87.772424
82,1102.0,41.9600246,-87.7671371
83,1103.0,41.9532339,-87.7721894
84,1104.0,41.953139,-87.777118
85,1105.0,41.9530544,-87.688832
86,1106.0,41.952869,-87.780728
87,1107.0,41.9562591,-87.7507656
88,1108.0,41.955625,-87.747517
89,1109.0,41.9625222,-87.7560059
90,1110.0,41.9546801,-87.7494235
91,1111.0,41.9553079,-87.7517878
92,111111,41.894966,-87.731052
93,1112.0,41.9595108,-87.7533958
94,1113.0,41.953418,-87.754841
95,1114.0,41.960607,-87.7516346
96,1115.0,41.9661124,-87.7593376
97,1116.0,41.9746022,-87.8119558
98,1117.0,41.98012149,-87.80211339
99,1118.0,41.980602,-87.804963
100,1119.0,41.9678641,-87.7675931
101,1120.0,41.9772313,-87.7689731
102,1121.0,41.9685964,-87.7612092
103,1122.0,41.9743427,-87.7503874
104,1123.0,41.9673857,-87.7601699
105,1124.0,41.9676535,-87.7636298
106,1125.0,41.9712722,-87.7638869
107,1126.0,41.9718249,-87.7575623
108,1127.0,41.9683053,-87.7300646
109,1128.0,41.9685781,-87.7330358
110,1129.0,41.9676176,-87.7395673
111,1130.0,41.9685781,-87.7405685
112,1131.0,41.9683986,-87.7256873
113,1132.0,41.968277,-87.712629
114,1133.0,41.9756353,-87.7126762
115,1134.0,41.9679125,-87.7134353
116,1135.0,41.980602,-87.8060476
117,1136.0,41.993771,-87.7925631
118,1137.0,41.9911458,-87.7991043
119,1138.0,41.993871,-87.792536
120,1140.0,41.982886,-87.790461
121,1141.0,41.992273,-87.783303
122,1142.0,41.9955785,-87.7863994
123,1143.0,41.985683,-87.777065
124,1144.0,41.991473,-87.782085
125,1145.0,41.989826,-87.780929
126,1146.0,41.982934,-87.774434
127,1147.0,41.9902168,-87.7323063
128,1148.0,41.9910862,-87.729231
129,1149.0,41.9912674,-87.7469243
130,1150.0,41.9830926,-87.7115845
131,1152.0,42.0044152,-87.8110539
132,1154.0,41.9969968,-87.8213419
133,1155.0,42.0023112,-87.8170946
134,1157.0,41.9958546,-87.8050971
135,1158.0,41.995867,-87.805223
136,1159.0,41.9974341,-87.7628164
137,1161.0,41.9979207,-87.7653719
138,1162.0,41.998262,-87.763663
139,1163.0,41.997384,-87.763064
140,1164.0,41.99742766666667,-87.76458224999999
141,1165.0,41.997463,-87.764063
142,1166.0,41.997456,-87.7619125
143,1167.0,41.998324,-87.763384
144,1168.0,41.9995224,-87.7604899
145,1169.0,42.0044152,-87.8070628
146,1175.0,42.00699,-87.778007
147,1176.0,41.998983,-87.78956
148,1177.0,41.99434,-87.802532
149,1178.0,41.995502,-87.806967
150,1179.0,42.000333,-87.812447
151,1180.0,41.9801,-87.84396
152,1181.0,41.9736,-87.841098
153,1182.0,41.977363,-87.836748
154,1183.0,41.985067,-87.823171
155,1184.0,41.993028,-87.821659
156,1185.0,41.990637,-87.816938
157,1186.0,41.988596,-87.812525
158,1187.0,41.98731,-87.81023
159,1188.0,41.977814,-87.80681
160,1189.0,41.9748458935,-87.806023
161,1190.0,41.951708,-87.790746
162,1191.0,41.95689,-87.767329
163,1192.0,41.965408,-87.767339
164,1193.0,41.990327,-87.795356
165,1194.0,41.986604,-87.79394
166,1195.0,41.988141,-87.791447
167,1196.0,41.985317,-87.786721
168,1197.0,41.983008,-87.782634
169,1198.0,41.978888,-87.796235
170,1199.0,41.976312,-87.78764
171,1200.0,41.975596,-87.783484
172,1201.0,41.973152,-87.77791
173,1202.0,41.971722,-87.772288
174,1203.0,41.967912,-87.752496
175,1204.0,41.977894,-87.756315
176,1205.0,41.980931,-87.761302
177,1206.0,41.983559,-87.76577
178,1207.0,41.985467,-87.769583
179,1208.0,41.992794,-87.765586
180,1209.0,41.991496,-87.754447
181,1210.0,41.995567,-87.74864
182,1211.0,41.990159,-87.747183
183,1212.0,41.98986,-87.742921
184,1213.0,41.98993,-87.737967
185,1214.0,41.995191,-87.728989
186,1215.0,41.993947,-87.725095
187,1216.0,41.995652,-87.716328
188,1217.0,41.99346,-87.712734
189,1218.0,41.990093,-87.718753
190,1219.0,41.987024,-87.71397
191,1220.0,41.982741,-87.737548
192,1221.0,41.985797,-87.728336
193,1222.0,41.982873,-87.719594
194,1223.0,41.967989,-87.743049
195,1224.0,41.970024,-87.74341
196,1225.0,41.972642,-87.739239
197,1226.0,41.96842,-87.72446
198,1227.0,41.968214,-87.719541
199,1228.0,41.77391,-87.79348
200,1229.0,41.792212,-87.797662
201,1230.0,41.792309,-87.792879
202,1231.0,41.792142,-87.785406
203,1232.0,41.7950917015,-87.7905260925
204,1233.0,41.797981,-87.773241
205,1234.0,41.799981,-87.759999
206,1235.0,41.79668,-87.75516
207,1236.0,41.795696,-87.763475
208,1237.0,41.79456,-87.77092
209,1239.0,41.77707,-87.76664
210,1240.0,41.778132,-87.763036
211,1241.0,41.78495,-87.8011
212,1242.0,41.77643,-87.742389
213,1243.0,41.757154,-87.741409
214,1245.0,41.764838934,-87.684382081
215,1248.0,41.764423394,-87.6979266155
216,1252.0,41.7642472835,-87.7017788655
217,1254.0,41.764196,-87.720111
218,1256.0,41.749649,-87.721001
219,1257.0,41.7493,-87.73958
220,1259.0,41.742067,-87.731554
221,1260.0,41.739387,-87.721373
222,1261.0,41.742037773,-87.709629297
223,1264.0,41.749855,-87.707507
224,1266.0,41.73569,-87.692172
225,1269.0,41.750806,-87.682722
226,1271.0,41.743749980000004,-87.682864
227,1273.0,41.739304,-87.669085
228,1274.0,41.736011833333336,-87.67266558333333
229,1275.0,41.9919,-87.79916
230,1276.0,41.98929,-87.71182
231,1277.0,41.97871,-87.75552
232,1278.0,41.78878,-87.77964
233,1279.0,41.75486,-87.72364
234,1280.0,41.95828,-87.78745
235,1281.0,41.95904,-87.78966
236,1284.0,41.97871,-87.75552
237,13001,41.8839840647265,-87.6246839761734
238,13006,41.882664,-87.63253
239,13008,41.8810317,-87.62408432
240,13011,41.879255,-87.639904
241,13016,41.89434513742426,-87.62279838323593
242,13017,41.896746973093805,-87.63566762208939
243,13021,41.885637,-87.641823
244,13022,41.892278,-87.612043
245,13028,41.874754,-87.649807
246,13029,41.865312,-87.617867
247,13033,41.891578,-87.648384
248,13034,41.89766,-87.62351
249,13036,41.882134,-87.625125
250,13037,41.875885,-87.640795
251,13042,41.90096039,-87.62377664
252,13045,41.893992,-87.629318
253,13050,41.88937546663168,-87.62707650661469
254,13053,41.88318130597391,-87.64872461557388
255,13056,41.88169,-87.63953
256,13058,41.9105780349,-87.6494219288
257,13059,41.97328682025979,-87.65475958585739
258,13060,41.9257166,-87.6536585
259,13061,41.90345,-87.667747
260,13063,41.954245,-87.654406
261,13068,41.91552,-87.687022
262,13071,41.943739,-87.66402
263,13073,41.88592,-87.66717
264,13074,41.965221,-87.658139
265,13075,41.85308455741279,-87.63193130493164
266,13080,41.871514,-87.669886
267,13081,41.87501,-87.67328
268,13083,41.82168,-87.6216
269,13084,41.922695,-87.697153
270,13085,41.929567,-87.707857
271,13089,41.854966518753926,-87.67569959163664
272,13091,41.854109,-87.685838
273,13096,41.8537957934734,-87.69582286477088
274,13099,41.85750568031716,-87.64599144458771
275,13102,41.85761755293753,-87.61941075325012
276,13108,41.973815,-87.6597735
277,13109,41.978361,-87.659789
278,13124,41.9267559875,-87.6344287848
279,13128,41.911974,-87.631942
280,13132,41.895769,-87.67722
281,13133,41.915983,-87.677335
282,13134,41.88137,-87.67493
283,13135,41.857556,-87.661535
284,13136,41.903266,-87.678435
285,13137,41.93758231600629,-87.6440978050232
286,13138,41.878125,-87.639968
287,13139,41.868968,-87.659141
288,13143,41.9406,-87.6785
289,13144,41.943403,-87.679618
290,13146,41.918306,-87.636282
291,13150,41.857926,-87.624336
292,13154,41.910522,-87.653106
293,13155,41.884081224846845,-87.656853
294,13156,41.880419,-87.655519
295,13157,41.87772613,-87.65478743
296,13158,41.8776415962753,-87.64961779117584
297,13160,41.8696317,-87.6542494
298,13162,41.85377981072743,-87.6466029882431
299,13163,41.858086,-87.651073
300,13164,41.8583996,-87.6564226
301,13165,41.865054,-87.656959
302,13179,41.915689,-87.6346
303,13191,41.922167,-87.638888
304,13192,41.919936,-87.64883
305,13193,41.921822,-87.64414
306,13194,41.891795,-87.658751
307,13196,41.894556,-87.653449
308,13197,41.886827,-87.658937
309,13206,41.877945,-87.662007
310,13208,41.93314,-87.64776
311,13213,41.841707,-87.626938
312,13215,41.836208,-87.613533
313,13216,41.834734,-87.625813
314,13217,41.8349,-87.61793
315,13221,41.907655,-87.672552
316,13224,41.907066,-87.667252
317,13229,41.93947775040509,-87.6637476682663
318,13235,41.94815,-87.6640712
319,13241,41.902893,-87.687275
320,13242,41.92019556200566,-87.69265919923781
321,13243,41.912616,-87.681391
322,13245,41.907781,-87.685854
323,13247,41.89595435734305,-87.6677280664444
324,13248,41.899643,-87.6677
325,13249,41.956057,-87.668835
326,13253,41.948797,-87.675278
327,13256,41.903029,-87.697474
328,13257,41.910535,-87.689556
329,13258,41.910044,-87.697167
330,13259,41.91849115368695,-87.69742280244827
331,13263,41.884728,-87.619521
332,13265,41.893871665,-87.64169722795485
333,13266,41.917741,-87.691392
334,13268,41.93588,-87.67842
335,13269,41.936083,-87.669807
336,13271,41.931931,-87.677856
337,13276,41.93132,-87.638742
338,13277,41.940106,-87.645451
339,13278,41.945529,-87.646439
340,13285,41.869265218438194,-87.67373085021973
341,13288,41.920082,-87.677855
342,13289,41.89637337,-87.66098386
343,13290,41.9007,-87.662607
344,13292,41.921525,-87.707322
345,13294,41.93258963429789,-87.66593635082245
346,13296,41.92883,-87.668507
347,13300,41.880958,-87.616743
348,13303,41.89675,-87.63089
349,13304,41.861267,-87.656625
350,13307,41.85491457576575,-87.66355991363525
351,13319,41.950687,-87.6687
352,13323,41.952833,-87.649993
353,13325,41.949074,-87.648636
354,13326,41.874255,-87.639573
355,13331,41.855136,-87.654127
356,13332,41.87222873224032,-87.66136385500431
357,13338,41.896944626370825,-87.62175768613815
358,13341,41.882409,-87.639767
359,13345,41.831379,-87.618034
360,13353,41.88283,-87.661206
361,13354,41.865234,-87.666507
362,13379,41.95786652415174,-87.64950513839722
363,13389,41.961004,-87.649603
364,13398,41.802562,-87.590368
365,13409,41.883165,-87.6511
366,13420,41.8246,-87.61678
367,13427,41.890573,-87.622072
368,13430,41.890762,-87.631697
369,13431,41.866095,-87.607267
370,13432,41.889899,-87.671473
371,13434,41.891072,-87.666611
372,1523185.1,41.9204347,-87.7743901
373,1524189,41.9170767,-87.7353543
374,15442,41.83920868403,-87.6656098589
375,15443,41.842733,-87.635491
376,15445,41.83452988563,-87.6318229814
377,15446,41.83068856472101,-87.65621066093445
378,15449,41.82301523798,-87.6265680185
379,15470,41.80229465088,-87.6180535802
380,15491,41.78091096424803,-87.57632374763489
381,15529,41.8985866514,-87.6219152258
382,15530,41.89576474564,-87.6259080327
383,15534,41.88634906269,-87.6175165471
384,15535,41.883703,-87.644238
385,15539,41.87811890091227,-87.64394760131836
386,15541.1.1,41.869741976499995,-87.62389427400001
387,15542,41.87146651779,-87.6409491327
388,15544,41.86722595682,-87.6153553902
389,15545,41.85741178707404,-87.61379152536392
390,15546,41.85418424947,-87.6191537415
391,15550,41.870257,-87.639474
392,15571,41.9947796884,-87.6602845349
393,15575,41.98974251144,-87.6601406209
394,15576,41.98404411519213,-87.65228122472763
395,15578,41.9840446107,-87.6602738295
396,15585,41.98366470886,-87.6964225611
397,15597,41.76906172032,-87.6446135779
398,15599,41.76550800581,-87.616917925
399,15615,41.96835449363,-87.7118306675
400,15621,41.961041,-87.705866
401,15622,41.961068,-87.695439
402,15623,41.961524,-87.691177
403,15624,41.953393,-87.732002
404,15628,41.95216219326,-87.698051113
405,15631,41.94524356848,-87.7066499009
406,15632,41.9466358306,-87.694614758
407,15634,41.943034,-87.687288
408,15640,41.939408,-87.723574
409,15642,41.93842879148,-87.698007756
410,15643,41.93058537138,-87.7237773635
411,15644,41.93533728263,-87.7168892935
412,15645,41.93190196886,-87.7011951301
413,15646,41.92669,-87.697668
414,15648,41.92463247165,-87.6893070063
415,15650,41.91710803478932,-87.71022096276283
416,15651,41.91751339399,-87.7018089555
417,15652,41.90965687563,-87.7166319516
418,15653,41.90976930169,-87.7052804871
419,15654,41.90270659438,-87.709219571
420,15655,41.91402671273,-87.705126462
421,15664,41.8895,-87.688257
422,15666,41.88445395657,-87.6962981368
423,15667,41.88142526,-87.6866316818
424,15668,41.87474885079,-87.6864452757
425,15682,41.86649278172,-87.7064961757
426,15685,41.854063503874464,-87.71511733531952
427,15686,41.85353363213,-87.7050730318
428,15687,41.8481,-87.715068
429,15689,41.84910969176,-87.6951398068
430,15691,41.844507,-87.701655
431,15692,41.8436799145765,-87.69496858119965
432,16010,41.92459,-87.72785
433,16903,41.886841,-87.745261
434,16905,41.887664,-87.765469
435,16906,41.88794379427211,-87.77427345514297
436,16907,41.875679,-87.71547
437,16912,41.872131,-87.746619
438,16913,41.877613,-87.745405
439,16915,41.872993,-87.764499
440,16916,41.880121,-87.763238
441,16918,41.880281,-87.774453
442,16920,41.894958,-87.764902
443,16921,41.894887,-87.774704
444,16932,41.823465,-87.665577
445,16933,41.823613,-87.650931
446,16937,41.809719,-87.663477
447,16940,41.803023,-87.664699
448,16943,41.792822,-87.664429
449,16948,41.779374,-87.664843
450,16950,41.774074,-87.663815
451,16951,41.75927403933122,-87.67363429069519
452,16953,41.75797,-87.63121
453,16970,41.751785,-87.578496
454,16991,41.954468,-87.749594
455,16994,41.94707089418471,-87.74000823497772
456,17660,41.900363,-87.696704
457,18003,41.895748,-87.620104
458,18016,41.949923,-87.713949
459,18017,41.914166,-87.716755
460,18022,41.826712,-87.683144
461,18025,41.77987,-87.650919
462,18058,41.895501,-87.682017
463,18062,41.884114,-87.654264
464,18067,41.91461,-87.667968
465,18069,41.907221,-87.655618
466,20.0,41.9122813,-87.6773211
467,20101,41.73784847673341,-87.64489978551863
468,20102,41.73237975329554,-87.65806943178177
469,20103,41.7282338,-87.6675239
470,20104,41.7218499,-87.6228544
471,20105,41.71971218361882,-87.6430195569992
472,20106,41.71896342165455,-87.60829567909241
473,20107,41.71216410359803,-87.66773343086243
474,20108,41.69920616812768,-87.66891896724701
475,20109,41.70012137923888,-87.61225998401642
476,20110,41.729285157254864,-87.6110315322876
477,20111,41.70958113526255,-87.59023368358612
478,20112,41.70717027117756,-87.6184719800949
479,20113,41.7072503677818,-87.60766267776489
480,20114,41.69501044938143,-87.59871482849121
481,20115,41.69263895647179,-87.61367386484747
482,20116,41.73648,-87.601252
483,20118,41.727575659299575,-87.63482809066771
484,20119,41.72679896370119,-87.65429019927979
485,20120,41.743717,-87.634088
486,20121,41.74148652861805,-87.65841007232666
487,20123,41.70458710218908,-87.68120348453522
488,20124,41.70492556499764,-87.65686810958869
489,20125,41.70513978893236,-87.6424241065979
490,20126,41.701217,-87.649345
491,20127,41.69226255589166,-87.64261186122894
492,20128,41.6926176,-87.6280518
493,20129,41.68759,-87.65541
494,20130,41.705307996998194,-87.62921690940857
495,20131,41.69170975847015,-87.61000156402588
496,20133,41.707338,-87.59399
497,20134,41.70560032033333,-87.60291642
498,20201,41.7037764,-87.7013952
499,20202,41.705846,-87.717074
500,20203,41.69131919221066,-87.71288573741913
501,20204,41.69239474587557,-87.70096063613892
502,20205,41.691211034981045,-87.68129736185074
503,20206,41.68459507202618,-87.67070800065994
504,20207,41.68493159519296,-87.6452887058258
505,20208,41.66869635332246,-87.63711333274841
506,20209,41.679804,-87.620843
507,20210,41.67064383687979,-87.62258648872375
508,20211,41.658413151101065,-87.61071089698817
509,20212,41.65666552967373,-87.59880065917969
510,20213,41.659150427597744,-87.55076229572296
511,20214,41.651799,-87.540696
512,20215,41.64850076266409,-87.54608988761902
513,20217,41.66631200825726,-87.55721569061278
514,20218,41.68100145911039,-87.5379312226869
515,20219,41.69177385116831,-87.53043115139008
516,20220,41.6881169,-87.5365497
517,20221,41.70280085022591,-87.55972623825073
518,20222,41.7045750872071,-87.52823173999786
519,20223,41.71274876109496,-87.53481388092041
520,20224,41.71370983035615,-87.53084421157837
521,20225,41.71331739547703,-87.55109757184982
522,20226,41.71339748442245,-87.56584167480469
523,20227,41.717878301935,-87.56459176540375
524,20228,41.72229074095262,-87.57896840572357
525,20229,41.73733560041666,-87.54851460456847
526,20230,41.73715146431056,-87.57274031639099
527,20231,41.73681521440671,-87.58280128240585
528,20232,41.68587705562333,-87.57382392883301
529,20233,41.75248701249013,-87.6439021574879
530,20234,41.75220484941116,-87.66369938850403
531,20235,41.728264268162725,-87.59729862213135
532,20236,41.73139494330236,-87.58574366569519
533,20237,41.72616639024511,-87.5662761926651
534,20238,41.71870315475741,-87.59703576564789
535,20239,41.73366879071472,-87.55834221839905
536,20240,41.653564,-87.617054
537,20241,41.738246,-87.531067
538,20242,41.72820421535798,-87.54970014095306
539,20243,41.68701479467118,-87.62105226516724
540,20244,41.76160543804394,-87.64416097666071
541,20245,41.75923602425868,-87.66347408294678
542,20246.0,41.885579,-87.648484
543,20247.0,41.883043,-87.649931
544,202480.0,41.9325593,-87.6423847
545,20249.0,41.902901,-87.631282
546,20251.0,41.885586,-87.6531893
547,20252.0,41.935581,-87.644042
548,20253.0,41.943838,-87.671469
549,20254.0,41.917805,-87.653449
550,20255.0,41.895809,-87.678519
551,20256.0,41.9362263,-87.6537676
552,20257.0,41.944019,-87.663975
553,20260.0,41.8579886,-87.6319447
554,21301,41.8952089,-87.7174329
555,21303,41.902393,-87.733598
556,21304,41.9021077,-87.7508698
557,21307,41.9058405,-87.7548602
558,21309,41.9159,-87.78511
559,21312,41.927766,-87.758544
560,21314,41.92729,-87.78523
561,21317,41.93833,-87.76166
562,21320,41.94485,-87.82423
563,21322,41.94973,-87.74695
564,21323,41.95261,-87.78535
565,21324,41.94595,-87.77888
566,21325,41.94894,-87.80683
567,21326,41.95326,-87.80714
568,21327,41.951997,-87.832958
569,21329,41.86235,-87.71587
570,21331,41.853441,-87.724874
571,21332,41.844218,-87.723347
572,21334,41.8389124,-87.7168955
573,21336,41.83925,-87.70202
574,21337,41.8320245,-87.6778387
575,21338,41.828098,-87.694684
576,21339,41.822582,-87.699417
577,21340,41.81644,-87.7248
578,21343,41.800434,-87.7247496
579,21345,41.79402,-87.68577
580,21346,41.78983,-87.7031
581,21349,41.7791655,-87.7056392
582,21351,41.93473,-87.78436
583,21352,41.93098,-87.80106
584,21353,41.93086,-87.77845
585,21354,41.916907,-87.767173
586,21356,41.924034,-87.751191
587,21357,41.91676,-87.749458
588,21359,41.922369,-87.739024
589,21360,41.942722,-87.739557
590,21361,41.934457,-87.733795
591,21363,41.86077,-87.73136
592,21365,41.8442315,-87.7321534
593,21366,41.8590732,-87.7078929
594,21367,41.86569,-87.77176
595,21368,41.836966,-87.730502
596,21371,41.8954357,-87.7334818
597,21374,41.912732,-87.743636
598,21375,41.9092147,-87.7609189
599,21377,41.91203,-87.80577
600,21378,41.92227,-87.80202
601,21379,41.82272,-87.68982
602,21380,41.813617,-87.6932272
603,21381,41.80849,-87.69673
604,21382,41.8047581237684,-87.70421936879356
605,21383,41.80094,-87.68676
606,21384,41.79906,-87.70342
607,21385,41.79439,-87.71132
608,21386,41.79031,-87.68888
609,21387,41.78589,-87.71057
610,21388,41.78649,-87.69733
611,21390,41.771611,-87.693331
612,21393,41.94496,-87.81189
613,21394,41.94766,-87.82925
614,21395,41.9448,-87.79932
615,21396,41.942275,-87.76695
616,21400,41.80217,-87.74894
617,21401,41.80762,-87.73084
618,21403,41.79332,-87.73059
619,21406,41.77875,-87.73246
620,21407,41.77491,-87.72883
621,21418,41.8775,-87.6974
622,21421,41.8631643,-87.7030815
623,21452,41.9881174,-87.7031754
624,21462,41.990267,-87.70857
625,21544,41.89661720040753,-87.62857854366302
626,22001,41.89737986072316,-87.63442039489746
627,22002,41.789381,-87.596479
628,22003,41.787878,-87.598906
629,22004,41.787877,-87.590461
630,22005,41.785861,-87.604553
631,23001,41.884336,-87.658902
632,23002,41.952372,-87.677296
633,23003,41.886871,-87.648089
634,23101,41.997136,-87.711217
635,23104,41.994028,-87.699302
636,23106,41.967943,-87.739983
637,23107,41.967947,-87.730409
638,23108,41.968204,-87.719547
639,23110,41.974323,-87.7331
640,23112,41.9759837,-87.7159844
641,23113,41.741966,-87.736179
642,23114,41.734929,-87.731187
643,23115,41.740407,-87.721907
644,23116,41.741346,-87.713696
645,23117,41.742523,-87.702279
646,23119,41.738902,-87.695518
647,23120,41.746534,-87.673055
648,23121,41.736044,-87.672861
649,23122,41.735629,-87.66552
650,23123,41.742805,-87.680177
651,23124,41.741192,-87.668106
652,23126,41.74763,-87.71945
653,23128,41.749119,-87.704263
654,23129,41.749702,-87.693917
655,23131,41.750843,-87.682701
656,23136,41.760703,-87.702292
657,23137,41.764484,-87.720028
658,23138,41.764354,-87.710121
659,23139,41.76523,-87.70316
660,23140,41.764748,-87.693121
661,23141,41.764345,-87.684417
662,23142,41.77203,-87.684637
663,23143,41.772584,-87.703007
664,23162,41.9531072,-87.7747326
665,23163,41.9533354,-87.7583844
666,23164,41.9495327,-87.7672648
667,23165,41.942427,-87.747315
668,23166,41.9458348,-87.7691848
669,23167,41.9456842,-87.7569344
670,23170,41.9382897,-87.7737692
671,23171,41.939041,-87.754197
672,23172,41.939191,-87.737112
673,23173,41.934883,-87.766753
674,23175,41.9309625,-87.7698856
675,23180,41.9279057,-87.7467295
676,23182,41.9258119,-87.7663685
677,23187,41.9175941,-87.7584143
678,23190,41.91748,-87.728952
679,23191,41.910158,-87.723831
680,23192,41.9095392,-87.7338518
681,23210,41.8827476,-87.7153994
682,23215,41.8719938,-87.6958108
683,23321,41.927957,-87.735952
684,24130,41.746421,-87.68258
685,24132,41.75420305676257,-87.67322449999999
686,24135,41.75374,-87.70751
687,24144,41.773258,-87.713143
688,24145,41.76949,-87.72292
689,24146,41.77114,-87.73774
690,24147,42.00404,-87.70473
691,24148,42.0044482,-87.6985973
692,24149,42.0082,-87.70461
693,24153,41.982765,-87.738094
694,24155,41.997032,-87.73837
695,24156,41.9924402,-87.7289072
696,24157,41.9866081,-87.7187674
697,24158,41.9904393,-87.715236
698,24159,41.9900762,-87.7317073
699,24174,41.93515,-87.74636
700,24178,41.924751,-87.778272
701,24194,41.91432,-87.75572
702,24196,41.90958,-87.7691175
703,24198,41.9091754,-87.7522545
704,24199,41.90192,-87.77178
705,24200,41.9018636,-87.7638197
706,24203,41.9023453,-87.7250744
707,24205,41.8950179,-87.7484986
708,24207,41.895313,-87.724738
709,24211,41.88481,-87.68668
710,24212,41.88098,-87.69598
711,24213,41.877161,-87.706134
712,24220,41.86963,-87.71055
713,24225,41.85909,-87.72121
714,24230,41.84425,-87.70983
715,24234,41.83672,-87.72303
716,24237,41.83427,-87.6706
717,24240,41.82444,-87.70493
718,24243,41.81447,-87.70411
719,24244,41.81867,-87.69441
720,24245,41.81574,-87.68489
721,24246,41.81153,-87.70885
722,24250,41.80853,-87.68942
723,24252,41.81311,-87.74869
724,24253,41.80781,-87.74569
725,24255,41.80769,-87.72472
726,24257,41.8042,-87.72082
727,24258,41.80385,-87.73566
728,24261,41.80095,-87.71104
729,24263,41.80068,-87.69895
730,24266,41.79431,-87.70348
731,24267,41.79375,-87.69472
732,24273,41.78458,-87.70319
733,24279,41.78638,-87.7157
734,24281,41.79499,-87.72361
735,24283,41.78315,-87.72257
736,24285,41.80034,-87.73079
737,24289,41.78692,-87.73892
738,24297,41.79296,-87.78052
739,24308,41.9095,-87.78491
740,24322,41.93799,-87.81915
741,24323,41.93179,-87.73934
742,24324,41.93852,-87.78735
743,24326,41.93104,-87.76124
744,24332,41.93128,-87.75141
745,24333,41.95224,-87.81697
746,24335,41.95256,-87.79755
747,24338,41.82339,-87.64118
748,24340,41.80581,-87.6245
749,24341,41.79076,-87.6345
750,24347,41.76252,-87.63734
751,24352,41.7506,-87.63409
752,24353,41.74307,-87.6437
753,24356,41.72489,-87.64358
754,24358,41.72148,-87.65774
755,24359,41.72126,-87.65005
756,24360,41.72175,-87.63075
757,24362,41.72714,-87.62886
758,24363,41.95607,-87.76472
759,24364,41.959978,-87.786928
760,24365,41.96056,-87.77588
761,24366,41.96081,-87.76488
762,24367,41.9615,-87.75489
763,24368,41.96648,-87.78202
764,24369,41.96788,-87.77274
765,24370,41.96861,-87.76108
766,24371,41.96775,-87.75259
767,24374,41.81313,-87.62585
768,24375,41.78715,-87.62395
769,24376,41.77694,-87.59842
770,24379,41.73677,-87.61439
771,24392,41.73198,-87.55107
772,24393,41.74117,-87.54518
773,24394,41.73793,-87.53091
774,24395,41.73054,-87.54558
775,24396,41.7226,-87.55692
776,24398,41.71893,-87.55112
777,24400,41.71982,-87.53542
778,24401,41.71781,-87.53504
779,24402,41.70266,-87.53564
780,24407,41.65349,-87.54703
781,24409,41.6538,-87.61719
782,24411,41.66338,-87.63429
783,24412,41.6706,-87.63244
784,24415,41.68905,-87.62079
785,24417,41.69251,-87.62287
786,24418,41.69815,-87.62111
787,24419,41.69989,-87.62785
788,24420,41.70346,-87.62037
789,24423,41.71414,-87.6547
790,24425,41.70704,-87.65022
791,24427,41.69922,-87.65869
792,24431,41.68499,-87.65991
793,24432,41.68476,-87.65196
794,24433,41.68507,-87.63361
795,24440,41.67096,-87.64154
796,24454,41.71011,-87.68198
797,24458,41.9918,-87.67489
798,24467,41.97732,-87.83674
799,24476,41.97666,-87.76823
800,24477,41.98096,-87.76149
801,24478,41.98139,-87.77331
802,301,41.8952089,-87.71743716666667
803,302,41.8952,-87.748223
804,303,41.902401805,-87.733598
805,304,41.902366519,-87.750967741
806,305,41.902269,-87.7704807
807,307,41.9058405,-87.7548602
808,308,41.9125923,-87.7686995
809,309,41.9158931,-87.7851104
810,310,41.9092204,-87.7971406
811,313,41.9227049,-87.760954
812,314,41.927294,-87.7852027
813,316,41.9390108,-87.7492834
814,317,41.9383071,-87.761663
815,318,41.934586,-87.7959613
816,319,41.9416062,-87.8072964
817,320,41.9448846,-87.82423
818,322,41.94973,-87.7469526
819,323,41.952614,-87.7853829
820,324,41.9459174,-87.7788824
821,325,41.948895216,-87.806918979
822,326,41.9532568,-87.8071434
823,327,41.952037215,-87.832953572
824,329.0,41.862355,-87.7157109
825,330.0,41.866402,-87.7300171
826,331,41.909668,-87.648128
827,331.0,41.853452,-87.724541
828,332.0,41.844586085833335,-87.7232647
829,333.0,41.851414,-87.73215
830,334.0,41.8389124,-87.71683483333334
831,335.0,41.836708,-87.725641
832,336,41.8392528,-87.7020207
833,337,41.832004666,-87.6778387
834,338,41.828231716666664,-87.6945254955
835,339,41.8222791,-87.6996576
836,340,41.8162761,-87.7246058
837,341,41.8154913,-87.7024412
838,342,41.8113904,-87.7040052
839,343,41.800434,-87.7247496
840,344,41.8080713,-87.7212202
841,345,41.7940135,-87.685807
842,346,41.789848208,-87.70320133333334
843,347,41.793279,-87.724189
844,348,41.780985,-87.6834204
845,349,41.7791655,-87.7056392
846,350,41.779953,-87.7178221
847,351,41.9347409,-87.7844017
848,352,41.9310084,-87.8010646
849,353,41.9309018,-87.7784686
850,355,41.9301785,-87.7661217
851,358,41.930736,-87.744082
852,359,41.922352,-87.739024
853,362.0,41.8591606,-87.7176965
854,363.0,41.860777,-87.7313639
855,364.0,41.868114,-87.7109257
856,365.0,41.8442315,-87.7321534
857,366.0,41.858921956,-87.707963
858,367,41.86577723333333,-87.77176108333333
859,368.0,41.8369796085,-87.73049508333332
860,369,41.8918718,-87.7163879
861,370,41.8989108,-87.7164901
862,371,41.895411253,-87.733559966
863,372,41.904035,-87.721563
864,373,41.8986607,-87.7554551
865,375,41.909190774,-87.760959744
866,376,41.9097167,-87.7702037
867,377,41.912040889,-87.8057657
868,378,41.922278,-87.8020357
869,379,41.823324,-87.689675808
870,380,41.813617,-87.6932272
871,381,41.80843842,-87.696711421
872,382,41.8047515,-87.7041145
873,383,41.8009585,-87.6867556
874,384,41.7990641,-87.70345791666666
875,385,41.794422,-87.71128473483333
876,386,41.7903484,-87.6889201
877,387,41.78592066666667,-87.7105616
878,388,41.7865781185,-87.6973314
879,389,41.7863375,-87.6874351
880,391,41.7787905,-87.6885894
881,392,41.775144,-87.708129
882,393,41.9449659,-87.8118989
883,394,41.9476665,-87.829258
884,395,41.944847,-87.799326
885,397,41.940128,-87.7864806
886,398,41.953038,-87.7621632
887,399,41.80934,-87.7478312
888,400,41.802209,-87.7489007
889,401,41.807526,-87.7308406
890,402,41.8023156,-87.7344142
891,403,41.793325662499996,-87.730598
892,404,41.784186,-87.722564
893,406,41.778747,-87.732463
894,407,41.7749163,-87.728841
895,410,41.899578,-87.689497
896,411,41.895745,-87.698653
897,414,41.886528,-87.70167
898,415,41.884606,-87.685853
899,416,41.881286,-87.69396
900,417,41.877505,-87.70485
901,418,41.877507,-87.6974
902,419,41.870959,-87.700259
903,420,41.8711028,-87.693683
904,421,41.863191664,-87.703022
905,422,41.85936,-87.70302
906,424,41.846506,-87.700139
907,425,41.851644,-87.690621
908,426,41.859228,-87.695562
909,427,41.866554,-87.701329
910,428,41.924691,-87.70055
911,429,41.913959,-87.699368
912,430,41.950244,-87.706489
913,431,41.95039,-87.688234
914,432,41.94609,-87.702988
915,433,41.941499,-87.701051
916,434,41.939638,-87.705263
917,435,41.938689,-87.692972
918,436,41.933886,-87.707262
919,438,41.95774,-87.688273
920,439,41.953634,-87.690782
921,441,41.9812456,-87.7048924
922,442,41.979461,-87.693013
923,443,41.974712,-87.697852
924,444,41.972177,-87.702749
925,445,41.969659,-87.68955
926,446,41.9610471,-87.700901
927,452,41.988326311,-87.703034
928,458,41.99066,-87.697075
929,460,41.984746,-87.701593
930,464,41.9867636,-87.6898796
931,465,41.84265,-87.70401
932,466,41.840222,-87.694129
933,471,41.834108,-87.67559
934,472,41.934003,-87.690823
935,473,41.9383682,-87.7725029
936,474,41.9237918,-87.7723116
937,475,41.954189,-87.704448
938,485,41.997575,-87.704649
939,486,41.998481,-87.69985
940,487,41.99826,-87.699481
941,489,41.982964,-87.711441
942,490,41.973896,-87.713297
943,491,41.972097,-87.708572
944,492,41.961216,-87.722416
945,493,41.958373,-87.715685
946,494,41.953789,-87.724161
947,495,41.953449,-87.729635
948,496,41.952874,-87.731229
949,497,41.96614,-87.737
950,498,41.94655,-87.719827
951,499,41.93917,-87.71169
952,500,41.939472,-87.718423
953,501,41.940648,-87.726087
954,502,41.94651,-87.735721
955,503,41.941612,-87.732372
956,504,41.93123,-87.711501
957,505,41.937752,-87.721623
958,506,41.931702,-87.719254
959,507,41.924319,-87.721446
960,508,41.924618,-87.727398
961,509,41.921325,-87.722375
962,510,41.910138,-87.709553
963,512,41.900105,-87.696817
964,513,41.905317,-87.709521
965,514,41.903738,-87.720287
966,515,41.895201,-87.721541
967,516,41.9206781,-87.7419523
968,517,41.91702,-87.727096
969,518,41.885502,-87.716866
970,519,41.908816,-87.736463
971,520,41.905621,-87.728636
972,521,41.886295795,-87.714806318
973,522,41.8707651,-87.7183735
974,523,41.866103,-87.724463
975,524,41.8680617,-87.7153897
976,525,41.8700949,-87.7062429
977,526,41.879312,-87.725428
978,527,41.8560219,-87.7298436
979,528,41.885409,-87.726491
980,529,41.861493,-87.733404
981,530,41.887832,-87.755527
982,531,41.8586742,-87.7223835
983,532,41.8543385,-87.7151584
984,533,41.852642,-87.72103
985,534,41.88085,-87.727907
986,535,41.87441021003816,-87.72609159350395
987,536,41.885928,-87.73541
988,537,41.880708,-87.741018
989,538,41.844287,-87.727078
990,539,41.840249,-87.725472
991,540,41.880207,-87.755337
992,541,41.948812,-87.75713
993,542,41.942675,-87.761899
994,543,41.875806,-87.755285
995,544,41.9386855,-87.75563
996,545,41.877917,-87.735737
997,546,41.823192,-87.676597
998,547,41.927944,-87.7466394
999,548,41.925734,-87.746414
1000,549,41.813996,-87.666589
1001,550,41.917002,-87.755972
1002,551,41.909329,-87.745838
1003,552,41.91582,-87.746074
1004,553,41.80839,-87.656526
1005,554,41.800908,-87.674684
1006,555,41.887083,-87.756181
1007,556,41.799659,-87.657195
1008,557,41.794087,-87.675478
1009,558,41.872849,-87.753432
1010,559,41.794228,-87.655073
1011,560,41.786833,-87.666215
1012,561,41.785861065132,-87.67414391040802
1013,562,41.938437461999996,-87.77079188566667
1014,563,41.9326579,-87.7662058
1015,564,41.775393,-87.654308
1016,565,41.927666,-87.775682
1017,566,41.92378,-87.7843998
1018,567,41.768938,-87.652934
1019,568,41.909414,-87.765817
1020,569,41.75916,-87.595751
1021,570,41.75849,-87.60641
1022,571,41.7583845,-87.61414383333333
1023,572,41.756971,-87.624621
1024,573,41.750794,-87.624424
1025,574,41.75094,-87.61379
1026,575,41.753174,-87.605026
1027,576,41.75132,-87.595982
1028,577,41.751173,-87.585337
1029,578,41.944983,-87.815865
1030,579,41.75182,-87.565211
1031,580,41.752067089,-87.552060843
1032,581,41.653600454,-87.54698083333334
1033,582,41.744531,-87.56506
1034,583,41.746559,-87.586005
1035,584,41.744123,-87.599034
1036,585,41.743441,-87.604836
1037,586,41.743116,-87.6148
1038,587,41.74335976225324,-87.62284398078917
1039,588,41.743921,-87.575225
1040,589,41.677853,-87.623447
1041,590,41.953733,-87.740569
1042,591,41.686642,-87.633547
1043,592,41.960631,-87.745359
1044,593,41.787539,-87.644874
1045,594,41.805661,-87.683392
1046,595,41.73655301831962,-87.62264415621758
1047,596,41.692645,-87.609758
1048,597,41.681136,-87.54029
1049,599,41.691844,-87.534181
1050,600,41.793774341,-87.6060084155
1051,601,41.706657,-87.647476
1052,602,41.705999,-87.65381
1053,603,41.706863,-87.631674
1054,604,41.707257,-87.627826
1055,605,41.706868,-87.637208
1056,606,41.696967,-87.626143
1057,608,41.707665,-87.608695
1058,609,41.707061,-87.615309
1059,610,41.702472,-87.606477
1060,611,41.699008,-87.542833
1061,612,41.70287,-87.535861
1062,613,41.704373,-87.53544
1063,614,41.702557,-87.542728
1064,615,41.70261,-87.533531
1065,616,41.712937,-87.653984
1066,617,41.721215,-87.647435
1067,618,41.720562,-87.650971
1068,619,41.721168,-87.650663
1069,620,41.898203,-87.637536
1070,621,41.721787,-87.624939
1071,622,41.713311,-87.631095
1072,623,41.872773,-87.623981
1073,624,41.876268,-87.629155
1074,625,41.715887,-87.639228
1075,626,41.720836997,-87.643353701
1076,627,41.720755935,-87.643031
1077,628,41.721696,-87.622278
1078,629,41.718957,-87.62067
1079,630,41.7083,-87.61984
1080,631,41.877618,-87.673895
1081,632,41.94454,-87.654678
1082,634,41.722484,-87.565738
1083,635,41.709832,-87.534238
1084,636,41.890028,-87.636618
1085,637,41.895634,-87.672069
1086,638,41.87831661183069,-87.64098107814789
1087,639,41.965845,-87.645361
1088,640,41.73577,-87.648133
1089,642,41.894745,-87.756895
1090,643,41.892048,-87.689397
1091,644,41.868563,-87.686234
1092,645,41.730158091,-87.611603379
1093,646,41.796642,-87.625923
1094,647,41.789696880483376,-87.65469789505005
1095,649,41.779835,-87.634774
1096,650,41.768898,-87.635876
1097,651,41.765286,-87.621748
1098,652,41.766,-87.611726
1099,653B,41.780506,-87.586853
1100,654,41.883073,-87.656952
1101,655,41.979851,-87.681932
1102,656,41.745661024,-87.631606641
1103,657,41.899181,-87.6722
1104,658,41.902997,-87.683825
1105,660,42.004583,-87.661406
1106,661,41.751103,-87.607432
1107,662,41.738409,-87.604822
1108,663,41.740086,-87.604743
1109,664,41.741957,-87.604839
1110,665,41.747363,-87.580046
1111,666,41.738473,-87.585851
1112,667,41.744345,-87.575043
1113,668,41.751658524999996,-87.558758736
1114,669,41.653975,-87.614225
1115,670,41.657379,-87.606444
1116,671,41.65759,-87.610713
1117,672,41.65428,-87.543539
1118,673,41.655692,-87.537595
1119,676,41.691596,-87.707397
1120,677,41.691359,-87.68572
1121,678,41.691669,-87.698507
1122,679,41.691665769,-87.681691408
1123,681,41.69197,-87.681659
1124,682,41.692738,-87.670569
1125,683,41.6824,-87.681048
1126,684,41.693027,-87.701054
1127,685,41.705444,-87.701232
1128,686,41.705247,-87.701424
1129,687,41.6927926465,-87.7010176695
1130,688,41.7039242615,-87.681829893
1131,689,41.706747,-87.700047
1132,690,41.700576,-87.681294
1133,691,41.702609,-87.681492
1134,692,41.704407454,-87.681691051
1135,693,41.706205,-87.668965
1136,694,41.706498,-87.667091
1137,695,41.711666,-87.681963
1138,696,41.720832,-87.676382
1139,697,41.720921,-87.669585
1140,698,41.721188,-87.678786
1141,699,41.716172,-87.60435
1142,701,41.72228,-87.584943
1143,702,41.725538,-87.681968
1144,703,41.735527,-87.663867
1145,704,41.735485,-87.668889
1146,708,41.724234,-87.639453
1147,709,41.723442,-87.643612
1148,710,41.736354,-87.626741
1149,711,41.736223,-87.626737
1150,712,41.743027,-87.666272
1151,713,41.740435,-87.673246
1152,715,41.748301,-87.673213
1153,717,41.741897,-87.543162
1154,719,41.75596,-87.66391
1155,721,41.760817,-87.663499
1156,722,41.759439,-87.654146
1157,723,41.752451,-87.652969
1158,724,41.756003,-87.64409
1159,725,41.76331377,-87.637616873
1160,726,41.753742814,-87.644037962
1161,727,41.763584,-87.637179136
1162,728,41.765533495,-87.6171444455
1163,730,41.758739,-87.605769
1164,731,41.764225,-87.600166
1165,732,41.759876,-87.590638
1166,733,41.7588997645,-87.5827741295
1167,734,41.756444,-87.579581684
1168,735,41.762265,-87.585469
1169,736,41.766333,-87.576154
1170,737,41.766366,-87.575287
1171,738,41.779196,-87.683589
1172,739,41.779334,-87.683768
1173,740,41.775267,-87.669156
1174,741,41.76766,-87.66781
1175,742,41.76577,-87.66433
1176,743,41.779578666666666,-87.65334733333333
1177,744,41.777436,-87.644539237
1178,745,41.779945,-87.641378
1179,746,41.769234,-87.615206
1180,747,41.7708187215,-87.6117232945
1181,748,41.766863,-87.611467
1182,749,41.780506,-87.607519
1183,750,41.780728,-87.587890625
1184,751,41.774045,-87.594322
1185,752,41.7806461455,-87.59446752100001
1186,753,41.773259,-87.576664
1187,755,41.776985,-87.702916
1188,756,41.778906,-87.70084
1189,757,41.778865,-87.703029
1190,758,41.779242092000004,-87.691256476
1191,759,41.778611909999995,-87.7189443115
1192,760,41.777031,-87.703223
1193,762,41.778404,-87.733951
1194,763,41.778442,-87.73047
1195,764,41.778768,-87.725957
1196,766,41.8010168075,-87.5847338435
1197,767,41.799468,-87.584206
1198,768,41.795,-87.584113
1199,769,41.785009623,-87.647288918
1200,770,41.788541,-87.65621
1201,772,41.782281,-87.703047
1202,773,41.790565,-87.710992
1203,774,41.793307,-87.707702
1204,775,41.788263,-87.703576
1205,776,41.786049,-87.723645
1206,777,41.785894,-87.738031
1207,779,41.79306183333333,-87.728279
1208,780,41.79823,-87.744952
1209,781,41.799356086,-87.7599225645
1210,782,41.796005,-87.759575
1211,783,41.822632,-87.695024
1212,784,41.81518364,-87.702620268
1213,785,41.815883,-87.633718
1214,786,41.812381,-87.644633
1215,787,41.814697,-87.598006
1216,788,41.817372,-87.599576
1217,790,41.878264,-87.764886
1218,791,41.865608,-87.772389
1219,792,41.877684,-87.769356
1220,793,41.887342,-87.765041
1221,794,41.889161,-87.765738
1222,795,41.880021,-87.770325
1223,796,41.894681,-87.768156
1224,798,41.898333,-87.770501
1225,799,41.921017,-87.797388
1226,800,41.913547,-87.79876
1227,801,41.9225804,-87.7849799
1228,802,41.921425,-87.800825
1229,803,41.930928008500004,-87.79946463
1230,805,41.923604,-87.804659
1231,807,41.949269,-87.798395
1232,808,41.938315,-87.793848
1233,809,41.938022,-87.7961
1234,810,41.938201,-87.787415
1235,811,41.945428,-87.803458
1236,812,41.809797,-87.591824
1237,813,41.802221,-87.618457
1238,814,41.809497,-87.618997
1239,815,41.809319,-87.612921
1240,816,41.809113383,-87.627384
1241,817,41.799605,-87.641464
1242,818,41.804381,-87.65769887
1243,819,41.797439,-87.668504
1244,820,41.796775,-87.683362
1245,821,41.80478,-87.683749
1246,822,41.800908,-87.690802
1247,823,41.794326,-87.703471
1248,824,41.804487,-87.719584
1249,825,41.795222,-87.703719
1250,826,41.807749,-87.722579
1251,827,41.794806361,-87.732188463
1252,828,41.803822,-87.73551
1253,829,41.800160917,-87.723537
1254,830,41.797244,-87.723377
1255,831,41.800514,-87.731802
1256,832,41.81175,-87.707577
1257,833,41.8129,-87.7225
1258,834,41.81864,-87.72428
1259,835,41.81791,-87.72413
1260,836,41.81359,-87.70478
1261,838,41.836682,-87.73083
1262,839,41.822897,-87.704154
1263,840,41.812343,-87.666239
1264,841,41.808884,-87.67513
1265,842,41.810537,-87.665404
1266,843,41.811794758,-87.664965153
1267,844,41.80994,-87.661522
1268,845,41.811169,-87.66474
1269,846,41.73341,-87.54454
1270,847,41.730218,-87.546758
1271,848,41.707622,-87.60355
1272,849,41.704672,-87.565519
1273,850,41.700168,-87.562148
1274,851,41.885708,-87.735424
1275,852,41.881838,-87.733661
1276,853,41.880531,-87.731063
1277,854,41.883001836,-87.69994929949999
1278,855,41.894738,-87.695204
1279,856,41.982879,-87.710534
1280,857,41.9830174,-87.7096999
1281,858,41.982838,-87.71233
1282,859,41.975921,-87.710415
1283,860,41.968547,-87.712582
1284,861,41.9683,-87.709435
1285,862,41.947472,-87.737875
1286,863,41.942702,-87.730011
1287,864,41.947174,-87.730837
1288,865,41.924447,-87.73998
1289,866,41.917211,-87.736136
1290,867,41.909679,-87.73472391666667
1291,868,41.902405,-87.732699
1292,869,41.84456,-87.710058
1293,871,41.655139,-87.597597
1294,872,41.677708,-87.638711
1295,874,41.684942,-87.65266
1296,875,41.691838,-87.642747
1297,876,41.694944,-87.654377
1298,877,41.694835,-87.653041
1299,878,41.70665,-87.643422
1300,879,41.731767,-87.604899
1301,880,41.736869999999996,-87.60390655949999
1302,883,41.737054,-87.583998
1303,884,41.745827,-87.659849
1304,885,41.750522,-87.657252
1305,886,41.750326,-87.66168
1306,887,41.748175,-87.644238
1307,889,41.751448,-87.601136
1308,890,41.744636416,-87.561055
1309,891,41.74476,-87.558624
1310,892,41.743389678,-87.550415848
1311,896,41.691373,-87.700281
1312,897,41.691691,-87.670161
1313,898,41.691665,-87.681022
1314,899,41.69176866666667,-87.67173558333333
1315,900,41.678349,-87.680919
1316,901,41.691866243,-87.67151787099999
1317,902,41.692458,-87.674035
1318,903,41.701379,-87.681826
1319,904,41.71397,-87.667798
1320,905,41.765088,-87.565683246
1321,906,41.79435683333333,-87.61897766666667
1322,907,41.794886,-87.617415
1323,908,41.782314,-87.637358
1324,909,41.782378,-87.671719
1325,910,41.791198,-87.671949
1326,911,41.8164023895,-87.64467266666668
1327,912,41.820147,-87.64568
1328,913,41.816847,-87.613294
1329,914,41.814414372499996,-87.61635249849999
1330,915,41.801354,-87.662076
1331,916,41.80864,-87.669974
1332,917,41.677326,-87.654473
1333,918,41.70428,-87.59313
1334,919,41.69696,-87.59829
1335,920,41.69868,-87.597
1336,921,41.69782,-87.59779
1337,922,41.70838,-87.581455
1338,923,41.702566,-87.559923
1339,924,41.70843,-87.56026
1340,925,41.7084,-87.56319
1341,926,41.666395,-87.619933
1342,927,41.677934,-87.620754
1343,928,41.67413,-87.620448
1344,929,42.00507,-87.692643
1345,930,41.997764,-87.697221
1346,931,41.997579,-87.689713
1347,932,41.964864,-87.720774
1348,933,41.9659853,-87.716876
1349,934,41.8588018,-87.7343019
1350,935,41.9176685,-87.7595531
1351,936,41.658962,-87.548528
1352,937,41.685239,-87.613418
1353,938,41.699671,-87.621034
1354,939,41.728122,-87.648524
1355,940,41.7367,-87.585815
1356,941,41.736760497,-87.582790732
1357,942,41.726199,-87.559252
1358,943,41.75167773,-87.57045748
1359,944,41.74927751,-87.57585394
1360,945,41.749519,-87.568831
1361,946,41.75702837,-87.56497151
1362,947,41.76261263,-87.56381871
1363,948,41.766206,-87.562789
1364,949,41.7589522335,-87.562125847
1365,950,41.779484,-87.596028
1366,951,41.780621,-87.596033
1367,952,41.780581,-87.574562
1368,954,41.79480875,-87.61890696
1369,955,41.783745,-87.612919
1370,956,41.822827,-87.616486
1371,957,41.822839,-87.609525
1372,958,41.819067,-87.626417
1373,959,41.798015,-87.620745
1374,960,41.8730323655,-87.7252516
1375,961,41.8715832,-87.7252086
1376,962,41.8703637,-87.7252556
1377,963,41.858938,-87.7157269
1378,964,41.931541,-87.75904
1379,965,41.92398,-87.75195
1380,966,41.917047,-87.750008
1381,967,41.906866,-87.754447
1382,968,41.90205,-87.75305
1383,972,41.692303,-87.635478
1384,973,41.68851,-87.642512
1385,975,41.692666,-87.626385
1386,977,41.695655,-87.642804
1387,978,41.702616,-87.538744
1388,979,41.700378,-87.535276
1389,980,41.702411413,-87.535170197
1390,982,41.722376,-87.5358299
1391,983,41.71001033333334,-87.53568066666666
1392,984,41.728271,-87.662673
1393,986,41.73715,-87.57319
1394,987,41.698728,-87.681558
1395,988,41.69442,-87.681547
1396,989,41.7018420695,-87.68146479966666
1397,990,41.698022,-87.681175
1398,991,41.718621,-87.681516
1399,992,41.71525,-87.681698
1400,993,41.742715,-87.663551
1401,994,41.752142787,-87.618082285
1402,995,41.765862,-87.614787
1403,996,41.779127,-87.664039
1404,997,41.772052083333335,-87.6216655
1405,998,41.7731140795,-87.61301895400001
1406,999,41.775904,-87.609301
1407,BIKE FLEET ,41.863605,-87.679764
1408,Corral 1,41.9472,-87.65395
1409,Corral 2,41.94629,-87.65568
1410,Corral 3,41.94491,-87.65477
1411,Corral 4,41.94479,-87.64948
1412,Corral 5,41.94294,-87.64943
1413,Corral 6,41.94734,-87.64996
1414,Hubbard Bike-checking (LBS-WH-TEST),41.88996749470834,-87.6801560819149
1415,KA1503000001,41.81620767856,-87.6348193497
1416,KA1503000002,41.7664094567,-87.5656875719
1417,KA1503000003,41.76571903697,-87.604959713
1418,KA1503000004,41.83127423549,-87.6087991946
1419,KA1503000005,41.830777,-87.632504
1420,KA1503000007,41.802406,-87.586924
1421,KA1503000009,41.80931770924,-87.633449288
1422,KA1503000010,41.80183164049,-87.645213904
1423,KA1503000011,41.79292964599,-87.6449900565
1424,KA1503000012,41.88602082773,-87.6308760584
1425,KA1503000013,41.794982,-87.633124
1426,KA1503000014,41.78509714636,-87.6010727606
1427,KA1503000015,41.87947235235,-87.6256886059
1428,KA1503000018,41.76663823695,-87.5764501141
1429,KA1503000019,41.7586696704,-87.586882871
1430,KA1503000020,41.76218896038,-87.55927465
1431,KA1503000021,41.778881,-87.586647
1432,KA1503000022,41.961588,-87.666036
1433,KA1503000023,41.77345849948,-87.5853397391
1434,KA1503000024,41.758768,-87.56644
1435,KA1503000025,41.78007963264,-87.6297463052
1436,KA1503000027,41.81665889302,-87.6194124619
1437,KA1503000028,41.75712006802,-87.5758393587
1438,KA1503000029,41.773643,-87.567514
1439,KA1503000030,41.77351755125,-87.5771428255
1440,KA1503000031,41.77372095205,-87.60563486
1441,KA1503000032,41.819102,-87.643278
1442,KA1503000033,41.784071072761,-87.61448353528975
1443,KA1503000034,41.87934437346,-87.6319852213
1444,KA1503000038,41.838464,-87.635406
1445,KA1503000040,41.84163253965,-87.6574349533
1446,KA1503000041,41.894503,-87.617854
1447,KA1503000043,41.88917683258,-87.6385057718
1448,KA1503000044,41.890173,-87.626185
1449,KA1503000045,41.7664929373,-87.5864608775
1450,KA1503000046,41.7804056457,-87.5914159893
1451,KA1503000047,41.76929308995,-87.6281959291
1452,KA1503000049.1,41.75787144829,-87.54938625
1453,KA1503000051,41.80813391481,-87.6456165545
1454,KA1503000052,41.79933626261,-87.6009581145
1455,KA1503000053,41.78008063659,-87.6159428567
1456,KA1503000054,41.78053094070882,-87.6059702038765
1457,KA1503000055,41.77938114228,-87.6446208145
1458,KA1503000059,41.79949429373,-87.5864498959
1459,KA1503000064,41.886976,-87.612813
1460,KA1503000065,41.81409271048,-87.5970051479
1461,KA1503000066,41.83010465416,-87.6702983089
1462,KA1503000068,41.82879201994,-87.6806044594
1463,KA1503000069,41.805772,-87.592464
1464,KA1503000070,41.78794281287,-87.5883151702
1465,KA1503000071,41.791478,-87.599861
1466,KA1503000072,41.88314336439022,-87.63724207878113
1467,KA1503000073,41.79342945658,-87.6158532619
1468,KA1503000074,41.79172820953,-87.583945009
1469,KA1503000075,41.79156801058,-87.6078521774
1470,KA1504000076,41.79430062054,-87.6014497734
1471,KA1504000078,41.97491129677,-87.6925025594
1472,KA1504000079,41.90348607004,-87.6433534936
1473,KA1504000080,41.9687297,-87.6962603
1474,KA1504000082,41.87359967462,-87.7048707493
1475,KA1504000086,41.848193,-87.705412
1476,KA1504000090,41.92481559681187,-87.71449506282805
1477,KA1504000091,41.808227,-87.67718
1478,KA1504000093,41.96590013976,-87.6936384935
1479,KA1504000096,41.95358617895,-87.7093107999
1480,KA1504000097,41.96115407569,-87.7165690733
1481,KA150400009X,41.93939395344302,-87.71206766366959
1482,KA1504000101,41.86650148316,-87.68469707
1483,KA1504000102,41.866624,-87.694521
1484,KA1504000103,41.89841768945,-87.6865960164
1485,KA1504000104,41.87306108789792,-87.66913488507271
1486,KA1504000106,41.88460328501,-87.7063037436
1487,KA1504000109,41.86193049278259,-87.69345045089722
1488,KA1504000110,41.84453112462163,-87.71592199802399
1489,KA1504000113,41.89046879243862,-87.70260751247406
1490,KA1504000114,41.89546530305,-87.7061278837
1491,KA1504000116,41.90021949323,-87.6429854676
1492,KA1504000117,41.89939028549696,-87.64854490756989
1493,KA1504000126,41.96668636205,-87.7080519806
1494,KA1504000127,41.965875,-87.700825
1495,KA1504000128,41.975672,-87.709261
1496,KA1504000129,41.99416136902,-87.689438282
1497,KA1504000130,41.99023602867,-87.6933696402
1498,KA1504000133,41.90230870122,-87.627690528
1499,KA1504000134,41.906866,-87.626217
1500,KA1504000135,41.903222,-87.634324
1501,KA1504000139,41.95400483876,-87.7191281797
1502,KA1504000140,41.92409085038,-87.6764600747
1503,KA1504000141,41.946264,-87.731023
1504,KA1504000142,41.947326,-87.717582
1505,KA1504000143,41.946655,-87.683359
1506,KA1504000146,41.97803062248656,-87.66856491565704
1507,KA1504000147,41.979762,-87.67753
1508,KA1504000148,41.99086044812557,-87.66972362995148
1509,KA1504000149,41.97561480459,-87.6794590387
1510,KA1504000151,41.983593,-87.669154
1511,KA1504000155,41.991178,-87.683593
1512,KA1504000156,41.999245,-87.671249
1513,KA1504000158,41.95434085219,-87.6860796243
1514,KA1504000160,41.97563272521,-87.7014194389
1515,KA1504000161,41.98039423475,-87.7161149615
1516,KA1504000162,42.00901118058077,-87.67411172389984
1517,KA1504000164,41.96110801623,-87.7289701012
1518,KA1504000167,41.98222975911517,-87.70888656377792
1519,KA1504000168,41.84151770807,-87.6851314409
1520,KA1504000171,41.9716,-87.650154
1521,KA1504000175,42.00797192287,-87.6655023944
1522,KA17018054,41.8849659,-87.6768354
1523,KA17018068,41.939354,-87.683282
1524,KA1706005007,41.867491,-87.63219
1525,KA1706005015,41.96108,-87.73569
1526,KP1705001026,41.894877,-87.632326
1527,LF-005,41.911722,-87.626804
1528,LP-,41.92393131136619,-87.63582453131676
1529,PI00001,41.8492,-87.67564
1530,PI00002,41.892401,-87.612388
1531,PI00003,41.910077,-87.682306
1532,RN-,41.89102331025185,-87.63547986745834
1533,RP-001,42.001785,-87.688829
1534,RP-002,42.00454962194,-87.6806661451
1535,RP-005,42.0085943972,-87.6904922389
1536,RP-008,42.00445062934,-87.6724024047
1537,RP-009,42.00104377979,-87.6611982433
1538,SL-005,41.867888,-87.623041
1539,SL-006,41.856802,-87.633879
1540,SL-007,41.874053,-87.627716
1541,SL-008,41.87207763285,-87.6295437729
1542,SL-009,41.870816,-87.631246
1543,SL-010,41.8750236280333,-87.6330940425396
1544,SL-011,41.87273154226308,-87.63351649045944
1545,SL-012,41.860384,-87.625813
1546,SL-013,41.856594,-87.627542
1547,TA1305000001,41.852619,-87.626488
1548,TA1305000002,41.867227,-87.625961
1549,TA1305000003,41.89184737210993,-87.62058019638062
1550,TA1305000004,41.8513751729,-87.6188346489
1551,TA1305000005,41.8793563587,-87.6297910363
1552,TA1305000006,41.881319815,-87.6295209193
1553,TA1305000009,41.8759326655,-87.6305845355
1554,TA1305000010,41.876243,-87.624426
1555,TA1305000011,41.886022,-87.624398
1556,TA1305000014,41.929546,-87.643118
1557,TA1305000017,41.867324,-87.648625
1558,TA1305000020,41.896362458,-87.6540612729
1559,TA1305000022,41.888243,-87.63639
1560,TA1305000025,41.8777079559,-87.6353211408
1561,TA1305000029,41.88462107257936,-87.62783423066139
1562,TA1305000030,41.884295,-87.633963
1563,TA1305000032,41.882751965685614,-87.64119029045105
1564,TA1305000034,41.903119,-87.673935
1565,TA1305000035,41.877181,-87.627844
1566,TA1305000037,41.90985465216731,-87.66993016004562
1567,TA1305000039,41.91643342912655,-87.66674637794495
1568,TA1305000041,41.9093960065,-87.6776919292
1569,TA1306000002,41.862378,-87.651062
1570,TA1306000003,41.888716036,-87.6444478533
1571,TA1306000006,41.902924,-87.637715
1572,TA1306000007,41.91468,-87.64332
1573,TA1306000008,41.91021,-87.6435
1574,TA1306000009,41.897764,-87.642884
1575,TA1306000010,41.884241,-87.629634
1576,TA1306000011,41.89993001,-87.63443007
1577,TA1306000012,41.894722,-87.634362
1578,TA1306000013,41.89084704062381,-87.61861681938171
1579,TA1306000014,41.932418,-87.652705
1580,TA1306000015,41.88577925240433,-87.65102460980414
1581,TA1306000016,41.9256018819,-87.6537080423
1582,TA1306000025,41.87464,-87.65703
1583,TA1306000026,41.925566,-87.658416
1584,TA1306000029,41.892592119709725,-87.61728912591934
1585,TA1306000032,41.913688,-87.652855
1586,TA1307000001,41.92533,-87.6658
1587,TA1307000005,41.845687,-87.622481
1588,TA1307000006,41.93577461766458,-87.66360014677048
1589,TA1307000038,41.911386,-87.638677
1590,TA1307000039,41.902973,-87.63128
1591,TA1307000041,41.9366884494997,-87.63682901859283
1592,TA1307000044,41.85795,-87.640826
1593,TA1307000048,41.838556,-87.608218
1594,TA1307000052,41.9362534831413,-87.65266209840775
1595,TA1307000061,41.897448,-87.628722
1596,TA1307000062,41.894666,-87.638437
1597,TA1307000064,41.932225,-87.658617
1598,TA1307000070,41.901315,-87.677409
1599,TA1307000107,41.96167,-87.65464
1600,TA1307000111,41.885837,-87.6355
1601,TA1307000113,41.928773,-87.663913
1602,TA1307000115,41.904613,-87.640552
1603,TA1307000117,41.891466,-87.626761
1604,TA1307000119,41.967968,-87.650001
1605,TA1307000120,41.88185932803823,-87.64926373958588
1606,TA1307000121,41.87184,-87.64664
1607,TA1307000124,41.864059,-87.623727
1608,TA1307000126,41.949399,-87.654529
1609,TA1307000127,41.95078,-87.659172
1610,TA1307000128,41.898969,-87.629912
1611,TA1307000129,41.8310363140161,-87.62679755687714
1612,TA1307000130,41.871737,-87.65103
1613,TA1307000131,41.886875,-87.62603
1614,TA1307000134,41.940231918108594,-87.65294373035431
1615,TA1307000136,41.9364968219,-87.6475386582
1616,TA1307000138,41.92105672992757,-87.67279744148254
1617,TA1307000139,41.842052,-87.617
1618,TA1307000140,41.966399801840986,-87.68870428204536
1619,TA1307000142,41.931248,-87.644336
1620,TA1307000143,41.907626,-87.638566
1621,TA1307000144,41.961406,-87.676169
1622,TA1307000149,41.95469,-87.67393
1623,TA1307000150,41.94947274088333,-87.64645278453827
1624,TA1307000151,41.889906,-87.634266
1625,TA1307000153,41.84358,-87.645368
1626,TA1307000156,41.963004,-87.684781
1627,TA1307000158,41.96696,-87.678893
1628,TA1307000159,41.857901,-87.668745
1629,TA1307000160,41.794853,-87.618691
1630,TA1307000161,41.827059,-87.64572
1631,TA1307000163,41.918216,-87.656936
1632,TA1307000164,41.795264,-87.596471
1633,TA1307000166,41.913865,-87.648755
1634,TA1308000001,41.926277,-87.630834
1635,TA1308000002,41.809835,-87.599383
1636,TA1308000005,41.910533,-87.682308
1637,TA1308000006,41.89239445296271,-87.67688512802124
1638,TA1308000007,41.809851,-87.616279
1639,TA1308000009,41.795212,-87.580715
1640,TA1308000012,41.963982,-87.638181
1641,TA1308000013,41.847203,-87.646795
1642,TA1308000014,41.849527,-87.640591
1643,TA1308000019,41.939743,-87.658865
1644,TA1308000021,41.968812,-87.657659
1645,TA1308000022,41.954383,-87.648043
1646,TA1308000023,41.816499,-87.606582
1647,TA1308000026,41.85008369347577,-87.6321405172348
1648,TA1308000029,41.886835,-87.62232
1649,TA1308000031,41.929465,-87.684158
1650,TA1308000035,41.809443,-87.591875
1651,TA1308000036,41.838842,-87.621857
1652,TA1308000038,41.822985,-87.6071
1653,TA1308000043,41.830661,-87.647172
1654,TA1308000045,41.83070705144085,-87.64125533401966
1655,TA1308000046,41.8378,-87.65114
1656,TA1308000047,41.957081,-87.664199
1657,TA1308000049,41.906724,-87.63483
1658,TA1308000050,41.912133,-87.634656
1659,TA1309000001,41.864883,-87.647071
1660,TA1309000002,41.8777679,-87.624164
1661,TA1309000003,41.84847,-87.685109
1662,TA1309000004,41.878166,-87.631929
1663,TA1309000006,41.918084,-87.643749
1664,TA1309000007,41.880317,-87.635185
1665,TA1309000008,41.87943409140013,-87.63550400733948
1666,TA1309000010,41.870769,-87.625734
1667,TA1309000011,41.788746,-87.601334
1668,TA1309000012,41.96325,-87.679258
1669,TA1309000014,41.96708783918421,-87.66729086637497
1670,TA1309000015,41.968885,-87.684001
1671,TA1309000018,41.957921,-87.673567
1672,TA1309000019,41.925858,-87.638973
1673,TA1309000021,41.961507,-87.671387
1674,TA1309000023,41.928712,-87.653833
1675,TA1309000024,41.907993,-87.631501
1676,TA1309000025,41.94367,-87.64895
1677,TA1309000026,41.95600355078549,-87.68016144633293
1678,TA1309000027,41.958494,-87.654966
1679,TA1309000029,41.917805,-87.682437
1680,TA1309000030,41.9215759,-87.6664335
1681,TA1309000032,41.912919,-87.664169
1682,TA1309000033,41.92154,-87.653818
1683,TA1309000035,41.97334764047304,-87.6678554713726
1684,TA1309000036,41.93314,-87.64776
1685,TA1309000037,41.7994549,-87.5947779
1686,TA1309000039,41.932588,-87.636427
1687,TA1309000041,41.969517,-87.654691
1688,TA1309000042,41.9406,-87.669435
1689,TA1309000043,41.954177,-87.664358
1690,TA1309000049,41.940775,-87.639192
1691,TA1309000050,41.946176,-87.673308
1692,TA1309000051,41.744615,-87.551208
1693,TA1309000053,41.809855,-87.606755
1694,TA1309000055,41.838198,-87.645143
1695,TA1309000058,41.924161029067626,-87.64638036489487
1696,TA1309000059,41.928887,-87.658971
1697,TA1309000061,41.929143,-87.649077
1698,TA1309000063,41.793242,-87.587782
1699,TA1309000064,41.871262,-87.673688
1700,TA1309000066,41.968445,-87.674226
1701,TA1309000067,41.803038,-87.606615
1702,WL-008,41.8671177825,-87.6410879593
1703,WL-011,41.880329633634624,-87.64274597167967
1704,WL-012,41.88338,-87.64117
1705,chargingstx06,41.83867632897121,-87.60883212089539
1706,chargingstx07,41.853214418519656,-87.63187229633331
1707,chargingstx1,41.9182955629354,-87.65218332409859
1708,chargingstx2,41.932418,-87.652705
1709,chargingstx3,41.883601657275165,-87.64862671494483
1710,chargingstx4,41.88549170626906,-87.65228927135468
1711,chargingstx5,41.9433502470174,-87.67066776752472
